name,category,quantity,unit,container_state,location,perishable,urgency,vendor,stock_requirement,notes
Carrots,produce,0,medium,,fridge,yes,medium,,,
Lemons,produce,0,each,,fridge,yes,medium,,keep in stock,
Garlic,produce,0,bulb,,pantry,yes,medium,,keep in stock,"Old, needs replacement"
Tahini,fermented pastes,1,jar,,fridge,no,low,,keep in stock,"Sesame paste"
Miso paste,fermented pastes,1,container,sealed,fridge,no,low,,,
Beef tallow,oils & fats,1,jar,open,fridge,no,low,,,"Cooking fat"
Dark soy sauce,asian sauces,1,bottle,open,fridge,no,low,,,"Dark style"
Light soy sauce,asian sauces,1,bottle,open,fridge,no,low,,,"Superior light soy"
Oyster sauce,asian sauces,1,bottle,open,fridge,no,low,,,"Thick, savory"
Fish sauce,asian sauces,1,bottle,open,fridge,no,low,,,"Salty, umami"
Worcestershire sauce,seasonings,1,bottle,open,fridge,no,low,,,"Seasoning sauce"
Sesame oil,oils & fats,1,bottle,open,fridge,no,low,,,"Toasted sesame oil"
Mayonnaise,seasonings,0.5,jar,open,fridge,yes,medium,,keep in stock,"Avocado mayo"
Sour cream,dairy,0,container,sealed,fridge,yes,medium,,,
Milk,dairy,0.9,container,open,fridge,yes,medium,,keep in stock,
Mirin,asian sauces,1,bottle,open,fridge,no,low,,,
Yellow curry paste,asian sauces,1,container,,fridge,yes,low,,,Mae Ploy
Shaoxing wine,wine,1,bottle,open,fridge,no,low,,,
Marsala wine,wine,1,bottle,open,fridge,no,low,,,
White wine,wine,1,bottle,sealed,fridge,no,low,,,
Chipotles in adobo,canned goods,7,oz can,sealed,pantry,no,low,,,"Canned chipotles in adobo"
Refried black beans,canned goods,1,can,sealed,pantry,no,low,,,
Cannellini beans,canned goods,1,can,sealed,pantry,no,low,,,
Canned chickpeas,canned goods,12,cans,sealed,pantry,no,low,,,
Canned tuna,canned goods,4,cans,,pantry,no,low,Costco,keep in stock,
Roasted red peppers,preserved vegetables,0.9,jar,open,fridge,yes,medium,,,"Jarred, roasted"
Capers,preserved vegetables,1,jar,sealed,pantry,no,low,,,
Honey,sweeteners,8,oz,open,pantry,no,low,,,"Liquid honey"
Agave syrup,sweeteners,2,bottles,open,pantry,no,low,,,"Raw blue agave"
Brown coconut sugar,sweeteners,1,lb,open,pantry,no,low,,,"Old but usable"
Powdered sugar,sweeteners,1,lb,open,pantry,no,low,,,"Confectioners sugar"
Palm sugar,sweeteners,1,package,open,pantry,no,low,,,"For Thai cooking"
Chia seeds,dried ingredients,4,oz,open,pantry,no,low,,,"Half of 8 oz bag"
Granulated garlic,spices,5,oz,open,pantry,no,low,,,"Garlic powder-style"
Medjool dates,dried ingredients,1,container,open,pantry,yes,medium,,,"Expired April this year; inspect at opening"
Chardonnay vinegar,vinegars,1,bottle,open,pantry,no,low,,,"With mother"
Apple cider vinegar (sealed),vinegars,64,oz,sealed,pantry,no,low,,,"2 x 32 oz bottles"
Distilled white vinegar,vinegars,8,fl oz,open,pantry,no,low,,,"16 oz bottle; about 1 dry measuring cup used"
Balsamic vinegar,vinegars,1,bottle,open,pantry,no,low,,,"For loaded olive oil"
Japanese curry mix,dried ingredients,1,box,sealed,pantry,no,low,,,"Curry roux blocks"
Tomato paste,canned goods,0.5,can,open,fridge,no,high,,,"6 oz can, half used"
Tomato paste,canned goods,2,cans,sealed,garage,no,low,,,"6 oz each"
Bonito flakes,dried ingredients,1,bag,open,pantry,no,low,,,"For dashi; old but usable"
Kombu,dried ingredients,1,pack,sealed,pantry,no,low,,,"Dried kelp for dashi"
Wakame / miso seaweed,dried ingredients,1,pack,sealed,pantry,no,low,,,"Dried seaweed for miso soup"
Porcini mushrooms (dried),dried ingredients,1,pack,sealed,pantry,no,low,,,"Packed 2023"
Chicory (drink),beverages,1,pack,sealed,pantry,no,low,,,"From Russian store"
Kosher salt,seasonings,1,container,open,pantry,no,low,,keep in stock,
Bay leaves,spices,1,jar,open,pantry,no,low,,,"Dried bay"
Smoked Spanish paprika,spices,1,jar,open,pantry,no,low,,,"Smoked pimentón"
Hot Hungarian paprika,spices,1,jar,open,pantry,no,low,,,"Hot paprika"
Ground cumin,spices,1,jar,open,pantry,no,low,,,"Ground"
Cumin seeds,whole spices,1,jar,open,pantry,no,low,,keep in stock,
Black mustard seeds,spices,1,jar,open,pantry,no,low,,,"Whole seeds"
Green cardamom,spices,1,jar,open,pantry,no,low,,,"Pods"
Star anise,spices,1,jar,open,pantry,no,low,,,"Whole stars"
Cinnamon sticks,spices,1,jar,open,pantry,no,low,,,"Whole sticks"
Omani black limes,spices,1,bag,open,pantry,no,low,,,"Dried limes"
Berbere,spices,1,jar,open,pantry,no,low,,,"Ethiopian blend"
Nutmeg,spices,1,jar,open,pantry,no,low,,,"Whole or ground"
Mustard powder,spices,1,jar,open,pantry,no,low,,,"Ground mustard"
Clove,whole spices,1,jar,open,pantry,no,low,,,
Chili ancho powder,spices,1,jar,open,pantry,no,low,,,"Old but usable"
Tajin,spices,1,jar,open,pantry,no,low,,,"Chile-lime seasoning"
Sichuan peppercorns (old),spices,1,bag,open,pantry,no,low,,,"Low potency"
Sichuan peppercorns (new),spices,1,bag,open,pantry,no,low,,,"Good until May 2026"
Crushed red pepper,spices,1,jar,open,pantry,no,low,,,"Chile flakes"
Onion powder,spices,1,jar,open,pantry,no,low,,,"Dry onion"
Ground turmeric,spices,1,jar,open,pantry,no,low,,,"Yellow turmeric"
Ground ginger,spices,1,jar,open,pantry,no,low,,,"Ground"
Black peppercorns,spices,1,jar,open,pantry,no,low,,,"Whole peppercorns"
Spicy curry powder,spices,1,jar,open,pantry,no,low,,,"Spice mix"
Homemade garam masala,spices,1,jar,open,pantry,no,low,,,"Homemade"
Chana masala powder,spices,1,jar,,pantry,no,low,,,
Fennel seed,spices,1,jar,open,pantry,no,low,,,"Whole seeds"
White pepper powder,spices,1,jar,open,pantry,no,low,,,"Ground white pepper"
Thai dried chilies,dried chiles,,few,open,pantry,no,low,,,"Home-dried Thai chilies"
Guajillo chiles,dried chiles,6,oz,sealed,pantry,no,low,,,"Two packs total"
Morito chiles,dried chiles,5,whole pods,open,pantry,no,low,,,"Mild Spanish smoked peppers"
Achiote powder,spices,1,jar,open,pantry,no,low,,,"Annatto powder"
Pasta (Italian tin),pasta,1,tin,open,pantry,no,low,,,"Dry pasta"
Baking soda,baking,1,container,open,pantry,no,low,,,"Leavening / cleaning"
Cornstarch,baking,1,container,open,pantry,no,low,,,"Thickener"
Coleman's mustard,fermented pastes,1,jar,open,fridge,yes,low,,,"English mustard"
Avocado oil,oils & fats,67,oz,sealed,pantry,no,low,,,"Costco-size bottle"
Soy sauce (less-sodium),asian sauces,2,quarts,sealed,garage,no,low,,,"Single 2-quart container"
Extra virgin olive oil,oils & fats,1,bottle,,,no,low,,keep in stock,
Premium oyster sauce,asian sauces,32,oz,sealed,garage,no,low,,,"Large bottle"
San Marzano whole peeled tomatoes,canned goods,2,containers,sealed,garage,no,low,Costco,keep in stock,
Coconut milk,canned goods,1,can,sealed,garage,no,low,,,"Standard coconut milk can"
Organic Italian pasta,pasta,2,kg,sealed,garage,no,low,,,"Large box"
Fettuccine,pasta,500,grams,sealed,garage,no,low,,,"Dry pasta"
Organic black pepper barilotti pasta,pasta,1,bag,sealed,pantry,no,low,Trader Joe's,,
Beef tallow (sealed),oils & fats,400,grams,sealed,garage,no,low,,,"Sealed jar; garage storage"
All-purpose flour,baking,2,pounds,open,pantry,no,low,,,"Plain flour"
Dried bread cubes,baking,,,,pantry,no,low,,,
Dutch process cocoa powder,baking,1,container,open,pantry,no,low,,,"purchased 2021"
Eggs,dairy,6,each,,fridge,yes,low,,keep in stock,
Anchovy fillets,seafood,1,jar,,,no,low,,keep in stock,
Coriander seeds,spices,1,jar,,pantry,no,low,,keep in stock,
Parmesan,cheese,1,wedge,open,fridge,yes,medium,,,
Red onion,produce,1,each,,pantry,yes,medium,,keep in stock,
Butter,dairy,1,pack,open,fridge,yes,low,,keep in stock,
Butter (frozen),dairy,2,packs,sealed,freezer,yes,low,,,Sticks

Buckwheat grits,dried ingredients,3,cups,,pantry,no,low,,,
Red lentils,dried ingredients,3.5,cups,,pantry,no,low,,,
Pearled barley,dried ingredients,1.5,cups,,pantry,no,low,,,
Wild rice,dried ingredients,1.5,cups,,pantry,no,low,,,
Yellow peas,dried ingredients,3.5,cups,,pantry,no,low,,keep in stock,
Oats,dried ingredients,10,cups,,pantry,no,low,,keep in stock,"Large container from Costco"
Ячменная крупа,dried ingredients,0,cups,,pantry,no,low,,keep in stock,"Cracked barley groats for porridge"
Couscous,dried ingredients,1.5,cups,,pantry,no,low,,,
Dried chickpeas,dried ingredients,2,cups,,pantry,no,low,,,
Chickpea flour,dried ingredients,2,cups,,pantry,no,low,,,
Mung dal (split yellow mung beans),dried ingredients,4,cups,,pantry,no,low,,,
Black beans,dried ingredients,3,cups,,pantry,no,low,,,
Buckwheat (groats),dried ingredients,2,cups,,pantry,no,low,,,
Red kidney beans,dried ingredients,2,cups,,pantry,no,low,,,
Rio Zape beans,dried ingredients,2,cups,,pantry,no,low,,,
Tondino del Umbria beans,dried ingredients,1,cups,,pantry,no,low,,,
Zuni Gold beans,dried ingredients,2,cups,,pantry,no,low,,,
Smoked chicken sausage,poultry,36,oz,frozen,freezer,yes,low,Costco,,
Ground bison,meat,20,oz,frozen,freezer,yes,low,,,
Mackerel,seafood,,,frozen,freezer,yes,low,Asian market,,
Onion masala,prepared foods,6,pods,frozen,freezer,yes,low,,,"Homemade; each pod about 1/6 cup, two pods per chana masala"
Udon noodles,pasta,1,packet,frozen,freezer,yes,low,,,
Melinda hot sauce,seasonings,1,bottle,sealed,fridge,no,low,,,
Organic short white rice,dried ingredients,1,bag,sealed,pantry,no,low,,,
Cherry tomatoes,produce,0,container,,fridge,yes,medium,,,
Dijon mustard,fermented pastes,1,jar,sealed,pantry,no,low,,,"Grey Poupon"
Harissa,fermented pastes,1,jar,sealed,pantry,no,low,,,"Tunisian harissa"
Fig spread,preserved foods,0.9,jar,open,fridge,yes,medium,,,"Almost full"
Pistachios,nuts,30,oz,,pantry,no,low,,,"Roasted, salted"
Zucchini,produce,1,each,,fridge,yes,medium,,,Giant
Cilantro,produce,,bunch,,fridge,yes,medium,,,
Dill,produce,,bunch,,fridge,yes,medium,,,
Potatoes,produce,3,each,,pantry,yes,low,,,
Dubliner cheese,cheese,0.67,block,opened,fridge,yes,medium,Costco,,
Tempeh,prepared foods,2,blocks,,fridge,yes,medium,,,
Sauerkraut,preserved vegetables,1,container,,fridge,yes,low,,,
Onion,produce,1,each,,pantry,yes,low,,,Large
Granulated sugar,sweeteners,2,cups,,pantry,no,low,,,
Pickled red onions,preserved vegetables,1.5,cups,,fridge,yes,medium,,,"Homemade 2026-09-20"
Scuccuzzù pasta,pasta,500,grams,sealed,pantry,no,low,Italian Harvest,,"Organic Ligurian pasta; Alta Valle Scrivia; 15-minute cooking time"
